method,alpha,start,end,length,peak_minus_log10q,support_mean,support_max,support_min
fisher,0.05,0,1,2,50.0,7.5,14.0,1.0
fisher,0.05,19,20,2,9.468582219941869,0.5,1.0,0.0
fisher,0.05,25,26,2,50.0,4.5,8.0,1.0
fisher,0.05,28,29,2,50.0,5.0,8.0,2.0
fisher,0.05,52,53,2,6.318042035955395,1.5,3.0,0.0
fisher,0.05,55,56,2,1.430628431630612,0.0,0.0,0.0
fisher,0.05,87,88,2,7.844308070892075,0.0,0.0,0.0
fisher,0.05,93,94,2,5.217238082338488,0.5,1.0,0.0
